Workbook

Sheet Calculator
A1: Treasure EA - Risk:Reward Estimator (1:5 target)
A2: Blue cells on yellow are inputs - edit these. Black cells are formulas. All inputs are estimates, not backtest results; I have not seen the EA's code.
A4: INPUTS | B4: Value | C4: Note / source
A5: Target R:R | B5: 5 | C5: Treasure EA design target 1:5 (from your earlier description)
A6: Risk per trade (% of balance) | B6: 0.01 | C6: Example value - set to the EA's real risk setting
A7: Account balance ($) | B7: 10000 | C7: Example value - replace with your balance
A8: Estimated win rate | B8: 0.22 | C8: Assumption: ballpark for fixed 1:5 targets (15%-25%), not measured
A9: Effective average win (R) | B9: 4 | C9: Assumption: below 5.0 because of trailing / partial exits
A10: Cost per trade (R): spread + commission | B10: 0.15 | C10: Assumption: 0.15R-0.30R is common on gold with tight M5 stops
A11: Number of trades | B11: 100 | C11: Used for the total-return line only
A12: Losing streak length to test | B12: 10 | C12: Assumption: 10 losses in a row
A14: RESULTS | B14: Value | C14: How it is calculated
A15: Break-even win rate at target R:R | B15: =1/(1+B5) -> 0.16666667 | C15: 1 / (1 + R:R)
A16: Break-even win rate at effective R:R | B16: =1/(1+B9) -> 0.2 | C16: 1 / (1 + effective win in R)
A17: Break-even win rate including costs | B17: =(1+B10)/(1+B9) -> 0.23 | C17: (1 + cost) / (1 + effective win)
A18: Expectancy per trade (R) - target R:R, no costs | B18: =B8*B5-(1-B8) -> 0.32 | C18: win% x R:R - loss% x 1
A19: Expectancy per trade (R) - effective R:R, no costs | B19: =B8*B9-(1-B8) -> 0.1 | C19: win% x effective win - loss% x 1
A20: Expectancy per trade (R) - effective R:R, after costs | B20: =B19-B10 -> -0.05 | C20: Row 19 minus cost per trade
A21: Expected result per trade (% of balance) | B21: =B20*B6 -> -0.0005 | C21: Expectancy (R) x risk per trade
A22: Expected result per trade ($) | B22: =B21*B7 -> -5 | C22: % of balance x balance
A23: Expected total over N trades ($) | B23: =B22*B11 -> -500 | C23: Simple sum, no compounding
A24: Chance of the losing streak occurring on any given run | B24: =(1-B8)^B12 -> 0.083357758 | C24: (1 - win rate) ^ streak length; chance the next N trades all lose
A25: Drawdown from that streak (% of balance) | B25: =1-(1-B6)^B12 -> 0.095617925 | C25: 1 - (1 - risk)^streak, compounded
A26: Verdict | B26: =IF(B20>0,"Positive edge","No edge at these inputs") -> No edge at these inputs | C26: Based on row 20. Real results also depend on slippage and losing streaks.

Sheet Break-even & Expectancy
A1: Break-even win rates and expectancy tables
A2: Green values link to the Calculator sheet. Expectancy is in R (1R = the amount risked per trade).
A4: 1) Break-even win rate by R:R
A5: R:R | B5: Break-even win rate
A6: 2 | B6: =1/(1+A6) -> 0.33333333
A7: 3 | B7: =1/(1+A7) -> 0.25
A8: 4 | B8: =1/(1+A8) -> 0.2
A9: 5 | B9: =1/(1+A9) -> 0.16666667
A10: 6 | B10: =1/(1+A10) -> 0.14285714
A12: 2) Expectancy per trade (R): win rate vs R:R (before costs)
A13: Win rate \ R:R | B13: 2 | C13: 3 | D13: 4 | E13: 5 | F13: 6
A14: 0.1 | B14: =$A14*B$13-(1-$A14) -> -0.7 | C14: =$A14*C$13-(1-$A14) -> -0.6 | D14: =$A14*D$13-(1-$A14) -> -0.5 | E14: =$A14*E$13-(1-$A14) -> -0.4 | F14: =$A14*F$13-(1-$A14) -> -0.3
A15: 0.15 | B15: =$A15*B$13-(1-$A15) -> -0.55 | C15: =$A15*C$13-(1-$A15) -> -0.4 | D15: =$A15*D$13-(1-$A15) -> -0.25 | E15: =$A15*E$13-(1-$A15) -> -0.1 | F15: =$A15*F$13-(1-$A15) -> 0.05
A16: 0.2 | B16: =$A16*B$13-(1-$A16) -> -0.4 | C16: =$A16*C$13-(1-$A16) -> -0.2 | D16: =$A16*D$13-(1-$A16) -> 0 | E16: =$A16*E$13-(1-$A16) -> 0.2 | F16: =$A16*F$13-(1-$A16) -> 0.4
A17: 0.25 | B17: =$A17*B$13-(1-$A17) -> -0.25 | C17: =$A17*C$13-(1-$A17) -> 0 | D17: =$A17*D$13-(1-$A17) -> 0.25 | E17: =$A17*E$13-(1-$A17) -> 0.5 | F17: =$A17*F$13-(1-$A17) -> 0.75
A18: 0.3 | B18: =$A18*B$13-(1-$A18) -> -0.1 | C18: =$A18*C$13-(1-$A18) -> 0.2 | D18: =$A18*D$13-(1-$A18) -> 0.5 | E18: =$A18*E$13-(1-$A18) -> 0.8 | F18: =$A18*F$13-(1-$A18) -> 1.1
A19: 0.35 | B19: =$A19*B$13-(1-$A19) -> 0.05 | C19: =$A19*C$13-(1-$A19) -> 0.4 | D19: =$A19*D$13-(1-$A19) -> 0.75 | E19: =$A19*E$13-(1-$A19) -> 1.1 | F19: =$A19*F$13-(1-$A19) -> 1.45
A22: 3) Expectancy at your Calculator R:R and risk per trade (before costs)
A23: Win rate | B23: Expectancy (R) | C23: Result per trade (% of balance)
A24: 0.15 | B24: =A24*Calculator!$B$5-(1-A24) -> -0.1 | C24: =B24*Calculator!$B$6 -> -0.001
A25: 0.2 | B25: =A25*Calculator!$B$5-(1-A25) -> 0.2 | C25: =B25*Calculator!$B$6 -> 0.002
A26: 0.25 | B26: =A26*Calculator!$B$5-(1-A26) -> 0.5 | C26: =B26*Calculator!$B$6 -> 0.005
A27: 0.3 | B27: =A27*Calculator!$B$5-(1-A27) -> 0.8 | C27: =B27*Calculator!$B$6 -> 0.008
A29: Blue win rates and R:R values are example rows you can overwrite.

Sheet Losing Streaks
A1: Losing-streak risk
A2: Probability that the next N trades all lose = (1 - win rate)^N. Drawdown uses the risk per trade from the Calculator sheet (compounded).
A4: 1) Chance the next N trades all lose
A5: Win rate \ streak length | B5: 5 | C5: 8 | D5: 10 | E5: 12 | F5: 15
A6: 0.15 | B6: =(1-$A6)^B$5 -> 0.44370531 | C6: =(1-$A6)^C$5 -> 0.27249053 | D6: =(1-$A6)^D$5 -> 0.1968744 | E6: =(1-$A6)^E$5 -> 0.14224176 | F6: =(1-$A6)^F$5 -> 0.087354219
A7: 0.2 | B7: =(1-$A7)^B$5 -> 0.32768 | C7: =(1-$A7)^C$5 -> 0.16777216 | D7: =(1-$A7)^D$5 -> 0.10737418 | E7: =(1-$A7)^E$5 -> 0.068719477 | F7: =(1-$A7)^F$5 -> 0.035184372
A8: 0.25 | B8: =(1-$A8)^B$5 -> 0.23730469 | C8: =(1-$A8)^C$5 -> 0.10011292 | D8: =(1-$A8)^D$5 -> 0.056313515 | E8: =(1-$A8)^E$5 -> 0.031676352 | F8: =(1-$A8)^F$5 -> 0.013363461
A9: 0.3 | B9: =(1-$A9)^B$5 -> 0.16807 | C9: =(1-$A9)^C$5 -> 0.05764801 | D9: =(1-$A9)^D$5 -> 0.028247525 | E9: =(1-$A9)^E$5 -> 0.013841287 | F9: =(1-$A9)^F$5 -> 0.0047475615
A12: 2) Drawdown from a losing streak at your risk per trade
A13: Streak length | B13: Drawdown (% of balance)
A14: 5 | B14: =1-(1-Calculator!$B$6)^A14 -> 0.04900995
A15: 8 | B15: =1-(1-Calculator!$B$6)^A15 -> 0.077255306
A16: 10 | B16: =1-(1-Calculator!$B$6)^A16 -> 0.095617925
A17: 12 | B17: =1-(1-Calculator!$B$6)^A17 -> 0.11361513
A18: 15 | B18: =1-(1-Calculator!$B$6)^A18 -> 0.13994165
A20: Blue streak lengths and win rates are example rows you can overwrite.

Sheet Backtest Check
A1: Backtest Check - paste your Strategy Tester numbers
A2: Fill the yellow cells from the MT5 Strategy Tester report. The values shown are PLACEHOLDER EXAMPLES, not real results - overwrite them.
A4: INPUTS (from report) | B4: Value | C4: Where to find it
A5: Total trades | B5: 200 | C5: Report: Total Trades
A6: Winning trades (count) | B6: 44 | C6: Report: Profit Trades
A7: Average winning trade ($) | B7: 380 | C7: Report: Average profit trade
A8: Average losing trade ($) | B8: 95 | C8: Report: Average loss trade (enter as a positive number)
A9: Longest losing streak (trades) | B9: 14 | C9: Report: Maximum consecutive losses (count)
A10: Minimum profit factor for the verdict | B10: 1.2 | C10: Assumption: below about 1.2 is too fragile once live spreads and slippage are added
A12: RESULTS | B12: Value | C12: How it is calculated
A13: Win rate | B13: =IF(B5>0,B6/B5,0) -> 0.22 | C13: Wins / total trades
A14: Effective R:R | B14: =IF(B8>0,B7/B8,0) -> 4 | C14: Average win / average loss
A15: Break-even win rate | B15: =1/(1+B14) -> 0.2 | C15: 1 / (1 + effective R:R)
A16: Expectancy per trade ($) | B16: =B13*B7-(1-B13)*B8 -> 9.5 | C16: win% x avg win - loss% x avg loss
A17: Expectancy per trade (R) | B17: =IF(B8>0,B16/B8,0) -> 0.1 | C17: Expectancy $ / average loss
A18: Profit factor | B18: =IF((B5-B6)*B8>0,(B6*B7)/((B5-B6)*B8),0) -> 1.1282051 | C18: Gross profit / gross loss
A19: Drawdown from longest losing streak (% of balance) | B19: =1-(1-Calculator!B6)^B9 -> 0.13125419 | C19: Uses risk per trade from the Calculator sheet, compounded
A20: Verdict | B20: =IF(B18>=B10,"Passes minimum bar",IF(B18>1,"Fragile - thin edge","No edge")) -> Fragile - thin edge | C20: Based on profit factor vs the threshold in B10.

Sheet Notes
A1: Notes and assumptions
A3: What this workbook is | B3: Estimates the risk:reward the Treasure EA (1:5 target) needs to be profitable. It does not predict results; a backtest decides. The EA's code was not available, so all performance inputs are assumptions.
A4: Formulas | B4: Break-even win rate = 1 / (1 + R:R). Expectancy (R) = win rate x R:R - (1 - win rate) x 1. Costs are subtracted from expectancy in R.
A5: Why the real result is below 5R | B5: Few trades reach the full target, so win rate at a fixed 1:5 is often about 15%-25% (ballpark, not measured). Costs are a larger share of a tight M5 stop (0.15R-0.30R on gold is assumed). Trailing or partial exits can lower the average win to about 3R-4R.
A6: Losing streaks | B6: At a 20% win rate, 10 losses in a row has about an 11% chance; at 1% risk per trade that is roughly a 10% drawdown. Use the Losing Streaks sheet to test your own numbers.
A7: Swing-only version | B7: Wider stops lower the cost per trade in R terms, but there are fewer trades, so the backtest needs a longer period.
A8: How to find your real numbers | B8: Run the Strategy Tester on gold for 1-2 years with 'every tick based on real ticks', then enter the results on the Backtest Check sheet.
A9: Colour key | B9: Blue text = input; black = formula; green = link to another sheet; yellow fill = cell to edit.
